41 reviews	2
981 reviews	1
269 reviews	1
42 reviews	3
14 reviews	5
83 reviews	3
69 reviews	2
89 reviews	1
382 reviews	1
1168 reviews	1
295 reviews	1
259 reviews	1
145 reviews	1
24 reviews	4
73 reviews	2
447 reviews	1
383 reviews	1
158 reviews	2
160 reviews	1
622 reviews	1
9 reviews	3
248 reviews	1
25 reviews	1
948 reviews	1
525 reviews	2
49 reviews	1
426 reviews	1
499 reviews	1
265 reviews	1
705 reviews	1
63 reviews	2
485 reviews	1
20 reviews	3
66 reviews	2
97 reviews	2
32 reviews	1
864 reviews	1
156 reviews	1
127 reviews	2
117 reviews	3
37 reviews	1
17 reviews	4
50 reviews	4
365 reviews	1
22 reviews	2
519 reviews	1
27 reviews	1
137 reviews	2
335 reviews	1
15 reviews	2
29 reviews	1
110 reviews	3
387 reviews	2
76 reviews	1
35 reviews	1
119 reviews	1
323 reviews	2
301 reviews	2
59 reviews	2
197 reviews	2
23 reviews	2
260 reviews	2
108 reviews	2
4885 reviews	2
107 reviews	4
33 reviews	3
281 reviews	3
34 reviews	2
300 reviews	2
986 reviews	2
79 reviews	1
251 reviews	1
440 reviews	1
165 reviews	1
205 reviews	1
434 reviews	1
88 reviews	2
287 reviews	1
94 reviews	1
12 reviews	2
328 reviews	1
1766 reviews	1
120 reviews	1
2363 reviews	1
18 reviews	1
7 reviews	2
10 reviews	2
87 reviews	1
511 reviews	1
225 reviews	1
136 reviews	1
236 reviews	1
235 reviews	1
164 reviews	2
228 reviews	1
38 reviews	1
5 reviews	2
8 reviews	1
54 reviews	1
146 reviews	1
203 reviews	1
189 reviews	1
106 reviews	1
40 reviews	1
422 reviews	1
180 reviews	1
161 reviews	1
30 reviews	1
280 reviews	1
231 reviews	1
1440 reviews	1
1427 reviews	1
779 reviews	1
68 reviews	1
51 reviews	1
126 reviews	2
141 reviews	1
244 reviews	1
104 reviews	1
152 reviews	1
74 reviews	1
193 reviews	1
85 reviews	1
153 reviews	1
556 reviews	1
28 reviews	1
600 reviews	1
112 reviews	1
179 reviews	1
13 reviews	1
39 reviews	1
198 reviews	1
81 reviews	1
3 reviews	1
734 reviews	1
2 reviews	1
535 reviews	1
109 reviews	1
84 reviews	1
103 reviews	2
403 reviews	1
90 reviews	1
105 reviews	1
113 reviews	1
92 reviews	1
55 reviews	1
